,Date,User ID,Username,Content,No. of Upvotes,No. of Replies
0,2021-09-20 20:16:31,4nc92,zjz,"New Thread REEEEEEEEEEEEEEEEEEEEEEEEEEEE

https://www.reddit.com/r/wallstreetbets/comments/ps2twg/what_are_your_moves_tomorrow_september_21_2021/",1,0
1,2021-09-20 11:02:25,1293gu,picciona4,"Man, good thing those FED officials sold everything last week‚Ä¶that would have been super suspicious if they would have held.",226,0
2,2021-09-20 10:16:54,15tqn5,nutfugget,The Fed presidents disclosed they sold their stocks on September 9. (within 1% of the ATH). Their discord must be lit üî•,219,0
3,2021-09-20 11:44:01,kav2g,EatMaTesticles,This is the fifth once in a lifetime opportunity for my generation,203,1
4,2021-09-20 11:12:21,2eptxwqx,dela_sole,Stupid evergrande blocking the river ü§¶üèº‚Äç‚ôÇÔ∏è,152,1
5,2021-09-20 11:58:02,5sfq4,Dismiss,I‚Äôm now intermittent fasting due to financial reasons,153,0
6,2021-09-20 11:05:34,17xv9pce,VinnyIrish,Fed Presidents were ‚Äúforced‚Äù to sell their stocks. What a coincidence. üòÇ,148,1
7,2021-09-20 11:06:44,thoai,Milosenpotion,"First it was Evergreen

Now it's Evergrande

What the Everfuck is next?",148,2
8,2021-09-20 09:37:23,rbmg8qp,IncognitoCumShot,"I knew the top was in.

On saturday my mom asked me ""whats a call""",138,0
9,2021-09-20 12:33:49,5e5knbxc,Bullwst17,Go get a job everyone. It's over,121,1
10,2021-09-20 11:50:29,3ioar1d0,NoHelpisComing,Watching porn star interviews before open to see how empowering getting gang banged can be,108,0
11,2021-09-20 11:08:54,4owpk0k3,Griffinhunters,Are people clinging to the landing gear of airplanes in Beijing yet?,90,0
12,2021-09-20 12:54:56,a9go0fsi,DiscePati44,Fed sold the top for ethical concerns by the way üôÑ,85,1
13,2021-09-20 16:41:41,btzu9,greymuse,I lost 80 thousand dollars today,89,2
14,2021-09-20 11:19:30,6ctazxya,JpowYellen3some,‚ÄúWhat is a Margin Call‚Äù is going to be trending on Google today üòÇ,78,0
15,2021-09-20 12:46:37,39s99ljp,weedebest,Turns out I‚Äôm a long term investor after all,82,0
16,2021-09-20 09:55:02,rbmg8qp,IncognitoCumShot,98% of WSB is about to get wiped out,231,1
17,2021-09-20 10:00:59,54x9m,ToCommit,"omg, it's septemBEAR, octoBEAR, novemBEAR, decemBEAR.  I thought bears are supposed to hibernate during the colder months",66,0
18,2021-09-20 12:04:38,bvfbakq0,Jeremiah_Vicious,Looking back we all should have seen this coming when PLTR broke above 27.,63,0
19,2021-09-20 09:59:00,100hu1,pervsensei11,How do I explain it to my kid that daddy just blew his college fund on SPY weekly calls,59,1
20,2021-09-20 10:02:37,a8y42,phoenixmusicman,"[Gentlemen, it's been an honour](https://youtu.be/NlprozGcs80)

Jeeves, fetch our finest wine and strongest rope.",58,0
21,2021-09-20 10:55:07,100hu1,pervsensei11,I think someone shit my pants,53,0
22,2021-09-20 14:19:55,3jw2kf62,HotStockSlinger,Imagine thinking Xi doesn't have his own version of JPow named JChow to pump them through this evergrande shit.,59,1
23,2021-09-20 11:46:39,3ioar1d0,NoHelpisComing,"It‚Äôs a late fall day in 2007, you just got home from school and are headed straight to your Xbox 360 to play halo 3 with your friends. You have no idea what a call is. Life is good",263,1
24,2021-09-20 11:23:13,f6543,GoodGuyDrew,"My mother-in-law just left after 10-day stay.

Calls on my sense of happiness and well-being.",52,0
25,2021-09-20 11:26:37,4i1kr,LMoE,"Mom, can you come pick me up, I‚Äôm done playing the stocks.",54,0
26,2021-09-20 11:38:38,3ioar1d0,NoHelpisComing,"Gonna have to tell my dog to pack his things, we lost the house",58,0
27,2021-09-20 12:32:42,qes6c,jarredkh,China commiting sudoku,51,0
28,2021-09-20 12:23:26,f4pl3f4,Zachjsrf,By reading this thread you'd think its 1929 up in this bitch lol,50,1
29,2021-09-20 16:38:20,2mccpmdj,mynamajeffhdvines,I lost half of my years salary today fucking rigged market,48,1
30,2021-09-20 10:51:22,aschdh0z,TheGhostofBillHwang,"Whoever told me to buy the dip, your mom‚Äôs a hoe",132,0
31,2021-09-20 10:22:50,100hu1,pervsensei11,"Bye 80% WSBers

It was nice knowing some of y‚Äôall",42,0
32,2021-09-20 11:39:59,4dm71nqm,catatonic_genx,China is asshole,39,0
33,2021-09-20 11:49:24,j7xx6,bromophobic272,Hope y‚Äôall are into group sex cause we‚Äôre definitely about to get fucked together.,44,0
34,2021-09-20 12:48:16,p4t4p,Strangerdanger8812,Some of you guys last day today...,40,0
35,2021-09-20 14:01:33,225yh0ds,mishka__,How many photos do you think CNBC has in its ‚Äúclose-up of trader on NYSE floor with hand on forehead and concerned look on face‚Äù folder?,43,0
36,2021-09-20 11:00:40,7kkg8pt4,JayFql,##IM GOIN OUTSIDE AT 9:31 TO LISTEN TO THE GUH,124,0
37,2021-09-20 11:24:58,4fk9r,WillsGotDeals,"After looking at premarket prices it's time to put on our red lipstick, tallest high heels, and bend over.",38,0
38,2021-09-20 11:50:32,9ozj0y17,stonkmarts,#CLOSE THE CASINO,38,0
39,2021-09-20 12:05:57,49qmuhco,24kSolidGold,Chinese firms insisting their financial reporting has met the standards of CRAAP,37,0
40,2021-09-20 12:32:43,8gh3b5sd,AdrianTheGambler,"Buys the Dip

Market: I‚Äôm about to end the mans whole career",37,0
41,2021-09-20 12:48:30,plhd4,Southern_Daisy,The fed sold the top bois üéØ,35,0
42,2021-09-20 12:53:09,7zf8u,Serio-,"Everyone: Historically September is a horrible month

Me: Buys calls

Genius idea me genius",35,0
43,2021-09-20 13:37:53,dalo7oy,girlfriendbeatsme,"Positives: We'll have our old WSB back soon. 


Negatives: I just got  margin called.",36,0
44,2021-09-20 14:40:56,e881noq7,RecoveringAss,"Current trading strategy:
1.	Open brokerage app
2.	Look at portfolio
3.	Panic
4.	Close app and open Clash of Clans
5.	Attack a village
6.	Repeat",33,0
45,2021-09-20 10:56:14,4fk9r,WillsGotDeals,Lost a lot of money last week so I watched the Wolf of Wall Street over the weekend and my confidence is back.,107,0
46,2021-09-20 09:02:56,rbmg8qp,IncognitoCumShot,Welp there goes my mom's retirement ü§£,36,0
47,2021-09-20 11:41:57,6hupww8x,pawlacz33,time to block yahoo finance and marketwatch on my router,30,0
48,2021-09-20 11:53:23,7o1fiios,Only_Puts,Looks like I‚Äôll finally be assigned the trash I‚Äôve been selling.,29,0
49,2021-09-20 12:28:49,9u6p1i8x,PrincPaco,"Holy shit, I'm glad I don't trade with borrowed money.",33,0
50,2021-09-20 12:34:06,6b2py,Skilledthunder,Feels good to be 100% cash right now. Now watch as I miss the run back up,29,0
51,2021-09-20 12:37:44,encun,jawnyjawn,The coolest part about buying leaps is that you can baghold for an entire year,31,0
52,2021-09-20 12:42:13,cj2egrgh,LasagnaWater,"‚ÄúI am going to quit my job today!‚Äù
(Checks premarket)
‚ÄúI am not going to quit my job today!‚Äù",31,0
53,2021-09-20 12:45:01,a10ivo9p,cejay422,Holy shit. My account is done lmao,29,0
54,2021-09-20 13:00:04,6f449zgd,luvtoeatburgers,"my WSB experience this year

*Turn $5000 into $0 with this one simple trick!*",31,0
55,2021-09-20 13:16:13,a10ivo9p,cejay422,#buythedip is trending on Twitter. Spy 410 EoW confirmed,31,0
56,2021-09-20 17:11:49,36epb1gz,ts2981,"When bulls were making 100% a year, 

&#x200B;

I was studying the blade

&#x200B;

And now that the correction is here 

&#x200B;

I'll make 20%",33,0
57,2021-09-20 18:06:58,5nktt5e3,tendeeznuts,Alexa play Circuit Breaker by Ariana Evergrande,30,0
58,2021-09-20 10:58:28,8h1y8he8,Tbonepermabull,Feds about to send Burry to a re-education camp.,82,1
59,2021-09-20 09:53:26,13ngal,kananishino,Wow i'm fucked,26,0
60,2021-09-20 11:11:12,lfo3x,boltz86,Dip way more dippy than I thought.,30,0
61,2021-09-20 11:44:54,99owanrv,itsezmk,Why‚Äôs everyone crying? There‚Äôs just as much opportunity with dips as there is with climbs. You can be a red-bull if you‚Äôre a green-bull. Retards,23,0
62,2021-09-20 11:56:54,100hu1,pervsensei11,"Dear Jerome Powell,

**I wrote you but you still ain‚Äôt calling**

üò≠üò≠üò≠",28,0
63,2021-09-20 12:25:23,2ohfmrvb,NecessaryBet4,I‚Äôm not opening my fuckin portfolio today,29,0
64,2021-09-20 12:38:33,808p1v3u,PutsOnYourWife,Someone doing short ladder attack on the World,25,0
65,2021-09-20 12:42:14,dav3tn9w,StayingInTheMoney,Glad I sold my $438 spy puts ü§°,25,0
66,2021-09-20 12:48:27,cunnp2,SwiftSG1,Is it time to watch the big short again?,27,0
67,2021-09-20 12:54:05,2bywtd8,halfmanhalfrobot69,Already down 10k premarket. üòÇ it‚Äôs so bad I can‚Äôt help but laugh,26,0
68,2021-09-20 15:03:29,100hu1,pervsensei11,"Time to kiss WSB goodbye y‚Äôall

I‚Äôve made enough to not degen into retarded plays anymore

I know most of you won‚Äôt give a fuck, that‚Äôs my favorite part about WSB anyway

Hope I made some of y‚Äôall laugh with all the shitposting 

It‚Äôs been real. Never change.

Good luck and goodbye bulls, bears and citadel bots",24,0
69,2021-09-20 16:30:58,l0h94jv,sobewankanobe,I DECLARE BANKRUPTCY,28,0
70,2021-09-20 17:11:53,ad1loe2e,BLOW_0,Fed Sold at the top ....remember,26,0
71,2021-09-20 17:12:37,102vcsgl,dosas_mimosas33,18 months of investing literally just went up in smoke,25,0
72,2021-09-20 17:13:26,ra56o,Sterile-Panda,Has anyone tried giving the market ivermectin yet?,30,0
73,2021-09-20 17:29:01,xmdqk,fufm,Just a healthy 20% correction to my net worth,27,0
74,2021-09-20 18:00:03,9hwgwjnz,pat-nasty,"I'm a simple guy, I drink black coffee and then my pee smells like coffee.",29,0
75,2021-09-20 18:42:16,3vsi95l8,MrBdstn,"LMAO me buying Monday puts every friday for the past 2 months because ""MARKET ABOUT TO CRASH""

&#x200B;

EXCEPT LAST FRIDAY, last friday I was done with all the gay bears and bought CALLS INSTEAD. . .

F

M

L",25,0
76,2021-09-20 18:57:48,3wr2hqum,DegenerateCharizard,"After telling my household how much money I lost today, I‚Äôm gonna make sure to tighten every lid in the house to make sure they still need me & don‚Äôt get as upset.",28,0
77,2021-09-20 19:00:05,6ey1wvyb,optionzmonster,"Never ask:

* A man his salary
* A woman her age
* A PLTR bull what happened to their weeklies",29,0
78,2021-09-20 20:15:53,7twc0ivk,okwhoqueefed,"Welp, I'm broke. I'll do anything for a dollar now. Even a pee pee touch.",26,0
79,2021-09-20 12:59:01,6jvsik4d,Perfectly_Splendid89,"Friendly reminder:

You can't lose more than 100%.

Unless you sell naked calls. Then you are 100% fucked",76,1
80,2021-09-20 10:53:10,5ej2quc,NervousTumbleweed,I bought and held 1k in weekly puts on Friday morning.,24,0
81,2021-09-20 12:11:21,1h9g9qsn,SkoopskiMarvin,"Son sit down, mommy and daddy are fighting because daddy put all of your college fund on 0dte spy calls.. we still love you the same it‚Äôs just daddy won‚Äôt be around as much anymore",24,0
82,2021-09-20 13:03:37,vs3v3a2,approachingX,"If Evergrande ain‚Äôt paying, I ain‚Äôt paying.",23,0
83,2021-09-20 13:32:55,s7rc5,PalekSow,"**GO DIRECTLY TO SHAMBLES, DO NOT PASS GO, YOU MOST DEFINITELY LOST MORE THAN $200**",24,0
84,2021-09-20 13:34:56,12tsxa,davidbigham,Portfolio rotation from apartment to Grandma basement again.,23,0
85,2021-09-20 16:11:10,e881noq7,RecoveringAss,"*looks at calls down 99%*

*puts on bear costume*

Ahem, how do you do my fellow bears? Lovely day for some drilling eh?",22,0
86,2021-09-20 20:10:10,g6994,barbrawr,The fact that theres no tomorrow thread means there's no markets left,24,0
87,2021-09-20 11:34:23,66g7fyec,UnlimitedQE,Honestly the only way to stop this would be for me to get puts at open,21,0
88,2021-09-20 13:25:13,14dzds,waitwhat1200,What a great day to be colorblind,23,0
89,2021-09-20 14:47:25,100hu1,pervsensei11,"‚ÄúBe greedy when others are fearful.‚Äù

*- normie bull, 6 month old account, owns 5 SPY 455c*",23,0
90,2021-09-20 16:09:28,12tsxa,davidbigham,"Remember it is just money. You are fine.

But also remember you need this money to do anything.",23,0
91,2021-09-20 17:34:36,xmdqk,fufm,"I‚Äôm so fucked lmao

I don‚Äôt think I can even pay taxes from last year",23,0
92,2021-09-20 09:55:32,3pjeo05f,PorkchopSquats,"I was 95% cash gang except for some SPY 9/20 443c‚Äôs, so I guess you could say I‚Äôm 100% cash gang.",68,0
93,2021-09-20 11:36:19,dhyzi,talm0,Ya wanna know why VIX isn‚Äôt at 50 right now? None of this was unanticipated. The script is playing out exactly as designed.,20,0
94,2021-09-20 11:44:11,vling,Tsad311,All in on SPY calls 2 months out at open,23,0
95,2021-09-20 12:32:01,wjmku,WhatsMyMDA,"Damn yo, the stock market use the N word or something this weekend?",22,0
96,2021-09-20 13:00:50,51kp4qjk,spinxter66,I could really use a banana stand right about now.,22,0
97,2021-09-20 13:49:33,et2nx,NiggBot_3000,Am I trippin or was that not as bad as it should've been?,22,0
98,2021-09-20 16:51:52,xmdqk,fufm,The market really reacting poorly to the Gabby Petito news,22,0
99,2021-09-20 18:42:48,3a1fmg25,Joshvir262,I'm starting to get the impression that the Chinese government doesn't really have our best interests in mind,23,0
100,2021-09-20 18:43:53,130i7v,CultureChaos,Burry is only down 90% on his shorts now,23,0
101,2021-09-20 09:42:03,rbmg8qp,IncognitoCumShot,How do I tell my wife we have to sell the kids,68,0
102,2021-09-20 10:26:11,6nguypb,777FADEC,Fed sold all their stock at the top to be conflict free. How convenient,20,0
103,2021-09-20 11:29:21,8t3m0xxp,AnotherDegenerateFK,"Is whiskey considered a liquid asset? 

Asking for a friend..",20,0
104,2021-09-20 13:00:21,7dt50xs5,InteractiveBook,"Evergrande defaulting on 300bn

American banks: lmao those r rookie numbers",20,0
105,2021-09-20 13:35:14,8y57sqwc,Sidewinder4253,Losing 1k per min right now lol,21,0
106,2021-09-20 16:37:35,5pxnwld7,LocalPizza__,Atleast Fed members sold at the literal top,20,0
107,2021-09-20 16:40:06,188jgeu3,TheSauce32,Feds sold at the top holy shit fuck China,21,0
108,2021-09-20 16:50:39,aks5lv34,Thomas_DuBois,I am so glad that I know how to cook crack. I feel like that I always have something to fall back on.,20,0
109,2021-09-20 16:53:05,4ojpv,FredMc,My favorite is when stocks that have nothing to do with China sell off more than stocks that have everything to do with China.,20,0
110,2021-09-20 17:17:37,lzw4t,TheOriginalRK,I‚Äôm never eating Chinese food again,21,0
111,2021-09-20 20:01:53,z08tb37,Russki1319,"Spy slowly dumps normally throughout the day , then pumps all the loss in 40 minutes. Right.",21,0
112,2021-09-20 10:50:25,9crqhho0,Thick-Acanthaceae-59,As soon as I buy puts it'll rip upwards for the biggest gain in 6 months,20,0
113,2021-09-20 11:20:43,Deleted,Deleted,[deleted],20,0
114,2021-09-20 13:11:55,9ozj0y17,stonkmarts,#cramer bullish we‚Äôre fuked,21,0
115,2021-09-20 13:35:23,c5j39,rusbus720,"Microvision down on news that Evergrande won‚Äôt be acquiring their laser pointer technology.

Industry rumors had it that evergrande was hoping to use this technology to highlight on projector screens just how fucked their finances are.",21,0
116,2021-09-20 14:24:32,a1dxgoy2,STALIN_BOUGHT_PUTS,UHHHHHHH BUYING CALLS WAS NOT SMART I AM NOT VERY SMART,20,0
117,2021-09-20 17:40:14,694x6l6o,jday112,I bought spy puts today and sold them for a 60% loss.. not easy to do,21,0
118,2021-09-20 18:45:26,b4ygxir2,BearsRfukd,"#Did you think really think Burry rejoined twitter just for fun?

He's an autist, literally. He came back for the explicit purpose of dabbing on permabulls when we hit circuit breakers tonight.",19,0
119,2021-09-20 20:05:16,8ak4cdo8,bearhunter429,SPY goes from $428 to $434 in the last 30 minutes.,20,0
120,2021-09-20 09:57:51,lhln0,poodlesofnoodles,There is still 3.5 hours to open. I‚Äôm losing ~30% of my portfolio today,18,0
121,2021-09-20 10:57:38,19mglo33,eternalrefuge86,I‚Äôm getting gashed so hard at open. I‚Äôm kinda impressed with my own failure. I can‚Äôt even get mad at anyone but me. I knew SPY call holding over the weekend was a bad idea but holy shit.,18,0
122,2021-09-20 12:45:06,encun,jawnyjawn,"Market: 5% pullback
WSB: Is this the Great Depression?",19,0
123,2021-09-20 13:53:42,4n2uyxfl,justanoththrowaway94,So how does this work‚Ä¶.do I have to like buy a cardboard box or is there some under the bridge already‚Ä¶??,18,0
124,2021-09-20 14:46:04,azk08k6l,Jaha_jaha1,The market crashing is very bullish IMO,19,0
125,2021-09-20 16:11:59,8jtb1l1o,More_Surround,Bruh my ass went from . to O after today,18,0
126,2021-09-20 16:44:08,8ak4cdo8,bearhunter429,"If enough of you buy puts, we can rise again. Sacrifice yourselves my brethren.",19,0
127,2021-09-20 16:51:27,7jlsumfw,noarms51,#Bulls: Stand Back and Stand By,19,0
128,2021-09-20 17:19:15,dter9loj,SnowInTheTundra,Burry furiously jacking off in his office as we speak.,20,0
129,2021-09-20 20:13:51,lzw4t,TheOriginalRK,I swear to god if this shit free falls again tomorrow,19,0
130,2021-09-20 17:02:52,68fm06zz,OhNoMoFomo,Anybody heard of company called MARGIN?  TD Ameritrade saying I bought calls on it.,17,0
131,2021-09-20 17:13:24,51wqi,Teckel22,"**FOOL PROOF GUIDE ON BUYING THE DIP**

1. Sell your position.
1. Immediately rebuy position.
1. Repeat until you have succesfully bought the dip.",18,0
132,2021-09-20 17:31:02,7mrih,technofo,WSB buying puts at the bottom name a better duo,17,0
133,2021-09-20 17:35:18,6acblstr,gainsusmaximus,"Bears can take my gains, but they can't take my freeeeedddddoommmm üèπ",17,0
134,2021-09-20 17:56:19,9lz9mnei,cbass37,There's nothing left to do but masturbate,18,0
135,2021-09-20 18:30:56,1xubt7j5,origami_asshole,Bulls about to solve the labor shortage,17,0
136,2021-09-20 18:56:26,9nailic9,LostLifeSavingsOnGME,"January 2021, $85,300 September 2021 $2,800",17,0
137,2021-09-20 19:24:10,deqwi,riffdex,Corrupt fed members literally sold at the top of the market,17,0
138,2021-09-20 20:06:26,70ddecoo,Elonmuskishuman,I remember the recession of 09/20/21,17,0
139,2021-09-20 09:19:55,a0fiez1y,Ok-Singer-8199,‚ÄúSum Ting Wong ‚Äú,55,0
140,2021-09-20 12:24:21,6x2pt9z1,tgundlach1,"apolgy for bad english

where were u wen SPY die

i was at house eating dorito when phone ring

""SPY is kil""

""no""",55,0
141,2021-09-20 20:16:05,3yg8jjdb,Jeff_Bezels,"There's no ""moves tomorrow"" thread yet because there won't be a tomorrow for many of our fallen soldiers üòî

F",54,0
142,2021-09-20 11:17:19,o3boh5l,Pikachu87,"As a wise man once said,

Calls ded, portfolio red, behind Wendy's giving head. ü§°",79,0
143,2021-09-20 11:33:20,c120o0so,VelociTheRapper,"Why is it always real estate that fucks us over, and we keep letting it happen. Can't we make something fun like lambos or ornamental gourd futures the downfall next time?",15,0
144,2021-09-20 11:59:31,a057jiia,WarrenStuffitt,Hello darkness my old friend.....Ive been margin called again.....should not have listened to the WSB crew.....bought stupid meme stocks all because of you..........,17,0
145,2021-09-20 12:08:45,60rvyf83,autistorartist,"well boys, it's been a pleasure playing with you gentlemen (plays violin on titanic)",19,0
146,2021-09-20 12:28:54,7shjnwaa,MaddiKertz,It's finally happening. Overleveraged home buyers along with us bout to get fukt,19,0
147,2021-09-20 13:09:58,16v3hx,Toasted_Potooooooo,I  can't wait for the loss porn as well as some retard that buys a 0DTE at 3:30 and makes 500k on it.,17,0
148,2021-09-20 16:34:47,g6994,barbrawr,You guys having sleep for dinner too?,17,0
149,2021-09-20 16:46:15,9tqkrea2,lowkey-zealous,"I don't live in China

*why is some chinese real estate company killing my portfolio*",17,0
150,2021-09-20 16:54:48,48cy8a0l,mathboom123,Anyone down more than 70%?,17,0
151,2021-09-20 17:13:24,4fzkj2fs,FakeNorseGod,Glad I lost all my money 3 weeks ago,16,0
152,2021-09-20 17:34:46,sceq7,Pojihut,anybody want to buy a tv? i also got a acoustic guitar that's just became available if it interests you.,16,0
153,2021-09-20 18:16:48,3bzg9axn,analfarmer10,Anyone else losing a lot of money today?,16,0
154,2021-09-20 18:44:15,4jfbwr9c,worstfans,Burry posting boomer metal music stroking his dick right now,18,0
155,2021-09-20 18:47:57,dkh3woxx,-C20H24O3,"#BULLS LMFAOOOOOOOOOOOO

It‚Äôs me‚Ä¶ I‚Äôm bull‚Ä¶..",17,0
156,2021-09-20 18:52:04,644fxjp3,Demogorgonaut,Gotta say the daily thread is x1000 times better on deep red days,16,0
157,2021-09-20 19:16:13,eamjf,perfectdark89,"If you invested $1000 in SPY last week, here's how much you would have today:

*$0.00*",18,0
158,2021-09-20 19:19:36,5damp1eh,argyleshu,The fed calling the top of the bubble by announcing the sell off of their personal portfolios is fucking priceless lol,18,0
159,2021-09-20 19:40:11,7rrxh,whoatethekidsthen,"Is it a bull trap?

Was it priced in?

Will China drill to the Earth's core overnight?

Will VIX hit 35?

Tune into the next episode of Dragon Ball Z",17,0
160,2021-09-20 20:03:12,6m4ida5k,P33L_R,Imagine being a bear and not selling your puts for 800%,16,0
161,2021-09-20 20:09:44,w219r,solidsneeze,"In the 2020s, bear markets measured in hours",18,0
162,2021-09-20 20:14:04,7shjnwaa,MaddiKertz,Was looking at houses on redfin yesterday. Gotta go back to looking at cardboard boxes today,17,0
163,2021-09-20 20:15:10,nmsb0jr,bagtf3,Picked a hell of a day to quit drinking,17,0
164,2021-09-20 09:53:10,vs3d5hu,magic_niqqa,Double down on spy calls today?,16,0
165,2021-09-20 11:53:08,taj06,lilb2020,cash gang cash gang cash gang,17,0
166,2021-09-20 11:55:07,kav2g,EatMaTesticles,circus breaker,14,0
167,2021-09-20 12:25:12,c30wiy5y,DeepFriedVegetable,"Hold on guys, imma go back in time 72 hours, have some things to take care of.",16,0
168,2021-09-20 12:29:17,4d79c,idsimon,At least money isn't real,16,0
169,2021-09-20 12:39:54,yxs3k,Nosefuroughtto,"Catherine Theta Jooooooones


She dips beneath lasers",15,0
170,2021-09-20 13:25:01,127s49,Redditor45643335,Already down 5% on one of my positions and only entered it on Friday ü§°,17,0
171,2021-09-20 13:45:56,a1dxgoy2,STALIN_BOUGHT_PUTS,"Up 4% so far today

Down 38% on the month 

ü§∑üèæ‚Äç‚ôÄÔ∏èü§∑üèæ‚Äç‚ôÄÔ∏è",16,0
172,2021-09-20 13:51:22,bdnryka2,Ok_Door_9720,My kid's gonna need to get a full ride if they want to go to college at this rate.,15,0
173,2021-09-20 15:31:42,6b395myn,Awesome____Sauce,"everyone point to me, I'm a bag holder.",15,0
174,2021-09-20 17:23:00,1293gu,picciona4,Dude on CNBC just said to lower you expectations,17,0
175,2021-09-20 17:23:17,8f8th7f7,StonkerGraduation,"JPMorgan strategists said today's sell-off is technically driven and therefore represents a buying opportunity: SI
Folks, this a way how to sell your synthetic toxic asset to a retards",15,0
176,2021-09-20 17:37:49,tzchr,Baadllama,"bears ya'll better bring out drill team 6 or get the fuck out. 

outta here with this -2% pussy shit

if i'm gonna lose it all i wanna lose it bigly",16,0
177,2021-09-20 17:43:21,26avj442,waynelipko,"Wow, can't believe I overslept this late. 

So what's going on, did my $SPY  449C print yet?",16,0
178,2021-09-20 17:58:04,587ruv2u,COOPTARD1,"Someone named Margin keeps trying to call me, weird",18,0
179,2021-09-20 18:06:55,8cy810th,Randomsomedude,Is this what the Great Depression felt like?,16,0
180,2021-09-20 18:38:44,7r7fymil,PapitoMusk,"My degenerate bros,

It was an honor gambling away my life savings with you",17,0
181,2021-09-20 18:46:34,4iesjxp1,Monster213213,"Anyone think Feds might pull an UNO and announce tapering Wednesday, then blame a majority of the impact of this crash on China. 

Why go through the pain twice, roll it into one so people forget quicker...",15,0
182,2021-09-20 19:05:15,pk04i,GirthIgnorer,I‚Äôm willing to concede that I could have done a few things better,16,0
183,2021-09-20 19:19:57,lzw4t,TheOriginalRK,I‚Äôm fucking depressed over this market and how much I‚Äôve lost chasing gains for months. I‚Äôve never felt so much hatred towards myself. How could I be this stupid over and over again,15,0
184,2021-09-20 20:10:52,dwmioz6t,One_of_the_blessings,"I guess I‚Äôll take a down $50k day when the alternative was down $85k 

Rope back in the box for one more day at least",15,0
185,2021-09-20 10:13:50,5wmn5xww,HarbingersRefuge,"You work for hours every day, averaging about 1/3 of every hour in every week, to make money to care for your family. Hours and hours of driving and slaving away. Then the government takes a big chunk only to waste it on foreign wars and military equipment, $80B of which we just gave for free to the Taliban. 

Now with high inflation your money is eroded even faster. Taxes don‚Äôt take your money; they steal your life away from you. You‚Äôre a slave unaware that exists only to fund a mismanaged state.",74,0
186,2021-09-20 09:56:50,11fo12,TheKingTodo,You all really doubt JPow?,16,0
187,2021-09-20 11:46:46,3l2wc8c9,Swartzcoff,I‚Äôm confident that I‚Äôll make my money back in roughly 15 years,16,0
188,2021-09-20 11:58:33,9kpuhewa,ScruffyBelievesInGME,"If China crashes, JPOW isn't raising rates for shit. Thank you for coming to my TED Talk",15,0
189,2021-09-20 12:32:23,88ds3w7g,khaldugoo,LOL SPY UP 100% YOY AND PPL THINK THIS SHIT IS SUSTAINABLE LLLOLOLOL,15,0
190,2021-09-20 12:39:54,1406vm,dvdr1029,0DTE SPY CALLS FOR ME BABY!!!!!! IMA SURF THE HURRICANE!,15,0
191,2021-09-20 12:40:41,51kp4qjk,spinxter66,I'm gonna buy puts at open.  There's no way the premiums will be heavily inflated and I will lose money even when the market goes down.  ü§°,15,0
192,2021-09-20 12:56:50,a10ivo9p,cejay422,Who else is lighting money on fire at open by buying 10/15 SPY 455Cs???,14,0
193,2021-09-20 12:58:50,8udba2p,chedrich446,Imagine having any exposure to Chinese stocks whatsoever imagine being cucked by a literal communist dictator üòÇ,14,0
194,2021-09-20 13:02:54,a5pb1,-Disco,How many of you tards are gonna try to catch this knife?,15,0
195,2021-09-20 13:03:22,1xubt7j5,origami_asshole,"Fuck I did not hedge enough, if this doesn‚Äôt let up soon I‚Äôm seriously fucked. Vomited when I saw futures yesterday, vomited again this morning.",15,0
196,2021-09-20 13:51:56,x85sw,Semithedog,"Bull trap, bear trap.. its all a fugaziüòÖ",15,0
197,2021-09-20 14:39:13,l3szzo,ShiftBunny,Fed members liquidating positions because conflict of interest.  Bullshit.  It's called knowing when the top is in.,15,0
198,2021-09-20 14:48:36,dhyzi,talm0,Lol @ 4 months of ‚Äúgains‚Äù wiped in 2.5 hours.,14,0
199,2021-09-20 16:23:50,408jny2x,UnderQualifiedPilot,If spy loses 431 it‚Äôs actually over,14,0
200,2021-09-20 16:31:53,1xubt7j5,origami_asshole,Who wants to bet Cathie shows up on CNBC soon and says this is the ‚Äúset-up‚Äù she loves üôâ,15,0
201,2021-09-20 16:41:56,ix378,Giggy1372,"*Buys dip* 

*Dies*",16,0
202,2021-09-20 16:47:35,30e2jk2f,Spitzly,"WSB: Next market crash I buy SPY calls

Next Market Crash: SPY 150p all in",16,0
203,2021-09-20 16:48:17,ck6sc,Endless_road,How the fuck can you mismanage a business so badly that it has 300 BILLION fucking dollars in debt christ,16,0
204,2021-09-20 17:00:53,d2dui,ignatious__reilly,This entire thread is full of traders who started a month ago it seems. Holy shit. You all act like this is Armageddon. Christ.,16,0
205,2021-09-20 17:09:22,6n3latiw,ruso_chulo,fed called the top when they sold.. shouldve bought a bunch of puts like a ghey bear,14,0
206,2021-09-20 17:12:58,aqhuk82l,ClapboardArchipelago,"By point loss, today is the 7th worst day in Nasdaq composite history.  
  
The Nasdaq has been open for 13,301 days.  
  
7/13,301.",15,0
207,2021-09-20 17:22:19,5owcuv6d,Kooky-Citron-4537,"Is this what is happening and has everyone shook.

China: Let me borrow some money and Ill swear Ill payback with interest 

US companies: Sure he we go

US companies: Gonna need that money back

China: No",14,0
208,2021-09-20 17:23:56,9ybzy4f5,Stormwingx,Man do you guys still have cash left,15,0
209,2021-09-20 17:25:21,6b395myn,Awesome____Sauce,Everyone quit your jobs so spy goes up,15,0
210,2021-09-20 17:53:34,1ix35azg,goodthingshappening,Why is the price of rope sky rocketing?,15,0
211,2021-09-20 17:58:35,3isinqtr,127_0_0_1_body,"Did you follow financial advice from a WSB autist? You might be entitled to compensation.

Call now!",15,0
212,2021-09-20 18:00:05,6e2n6kod,sticknstone3,Can I download Robinhood on my PS5?,14,0
213,2021-09-20 18:07:47,36dygyrx,Legatron4,I wonder if our bro who quit his job to day trade with 35k is broke yet,15,0
214,2021-09-20 18:33:26,b00u4i5d,sxiom,A new generation of bag holders was born today,14,0
215,2021-09-20 19:04:44,56rwp,ph0xer,This dip is like shit in your ass you keep wiping and just more shit comes out.,16,0
216,2021-09-20 19:08:01,8ak4cdo8,bearhunter429,SPY is about to get delisted.,15,0
217,2021-09-20 19:11:07,6b395myn,Awesome____Sauce,"In hindsight this correction was obvious, did I prepare though? no, no I did not.",15,0
218,2021-09-20 19:15:15,175yyb,nosalute,# SPY going to 0 for sure this time,13,0
219,2021-09-20 19:25:00,92npoeek,Rockefellerr,Is this the Great Depression?,16,0
220,2021-09-20 20:01:54,4tg1m2bk,jsntx,_That's it folks. We'll resume our regular p&d programming tomorrow._,16,0
221,2021-09-20 20:04:18,7z6aq,br0botic,What if that was just a big bull trap? ü§î,14,0
222,2021-09-20 20:05:56,119h7w,OP_Penguin,Recession cancelled bitches,14,0
223,2021-09-20 20:13:20,rh5g0,ForestFyre,Mods went all in on $ROPE so that‚Äôs why we don‚Äôt have the new thread yet,14,0
224,2021-09-20 09:02:23,dzs7s1b5,hello-world-fizz-bar,Evergrande. More like Everdump.,46,0
225,2021-09-20 09:48:45,87qs6,drewbieVS,SPY $420.69 is not a meme üòì,45,0
226,2021-09-20 12:41:43,rptfelu,awgggaabbb,"MEN

IF U TRADED THROUGH MARCH 2020 

UR ANUS WILL BE HARDER THAN NIPPON STEEL

OUR COCKS HAVE BEEN HARDENED

FORGED THRU TRUMP TWEET AND GYNA VIRUS

SPY 9/30 500C 

BULLKHAN üêÇüêÇüê¨üê¨",46,0
227,2021-09-20 12:42:24,1z7r54ln,BigWesKappa,Lmao China did Covid and now this‚Ä¶. When can we vote them off the planet,44,0
228,2021-09-20 09:04:10,8b4r626k,CreativeAd3264,I‚Äôm dead inside,15,0
229,2021-09-20 10:03:58,8t3m0xxp,AnotherDegenerateFK,If you see a guy on the stoplight singing with a guitar in his hand that‚Äôll be me. Anything helps üò¢,13,0
230,2021-09-20 10:09:44,f9u4q,Kythirius,"Bears just unleashed their secret weapon: Panicky Boomers, who are worried about their 401Ks going down the drain.",15,0
231,2021-09-20 10:11:48,9kirqt0r,LegitimateShameHands,Holy shit im going back to sleep,14,0
232,2021-09-20 10:41:16,f9u4q,Kythirius,"Xi gonna stroll in after holiday all like, 

‚ÄúEvergrande? Bailed them out. Why are you roundeyes sweating like you just lost billions of dollars?‚Äù",14,0
233,2021-09-20 10:53:10,893lf,I_SNORT_COCAINE,Evergrande is about to sell bootleg pokemon cards to pay off their debt,13,0
234,2021-09-20 11:30:28,1j98gfqo,CarminSanFrancisco,Someone give me the number to the CEO of stonks I‚Äôd like to have a stern word with them.,14,0
235,2021-09-20 11:40:10,295h0ko5,WVULuke,Volume is going to be crazy today lol,16,0
236,2021-09-20 11:45:58,1d08dvii,morupside,The move to cash on Friday was an OK move.,14,0
237,2021-09-20 11:46:25,9u6p1i8x,PrincPaco,"You walk into the bosses office and tell her you need authorization to spend $440 Million to buy the dip. She puts on her naughty librarian glasses and looks up from the reports on her desk. ""You already bought the fucking dip every day for the last 2 weeks. Do you think money is just printed out of thin air? Come over here and let me cup your handle so I can do some TA and decide if this is a good buy.""",14,0
238,2021-09-20 12:00:51,1cyi7hq,RomanOctavius,"China üá®üá≥ debit goes bad, expiring COVID mortgage programs on Deck next. Rough times",14,0
239,2021-09-20 12:03:06,xv03d,hshamza,"My Spaghetti and Lasagna stocks are down 5.5%. My mozzarella ETF is down even more.

Never buying Italian stocks again.",14,0
240,2021-09-20 12:41:16,374kyurr,LeWahooligan0913,I picked the right Monday to wake up at an Oceanfront hotel.,16,0
241,2021-09-20 12:42:16,2fxw4tnv,rebsncaps,Buying the Evergrande bottom.,14,0
242,2021-09-20 12:49:42,100hu1,pervsensei11,"**Me when I hear the word limit down**


üêª

|

|\

|. \

8=üëä=======Düí¶

|. \.                           üí¶

|. \.                            üí¶

üëüüëü.                        üêÇ",14,0
243,2021-09-20 12:50:08,5o5au6p2,DataLender,"Citibank is exposed

They are heavily invested in the Chinese banking sector

Puts on Citi",13,0
244,2021-09-20 12:50:10,8udba2p,chedrich446,"‚¨õ‚¨õ‚¨õ‚¨õ‚¨õ‚¨õ‚¨ú‚¨ú‚¨ú‚¨ú‚¨ú‚¨ú 50%

You are now this far through the dip",14,0
245,2021-09-20 12:53:57,6nguypb,777FADEC,Sometimes I wonder why I don‚Äôt a massive loan while I‚Äôm still young and yolo it. 200k in options for a potential 1 million or more. Worst case bankruptcy best case lambo,14,0
246,2021-09-20 13:04:04,9etwc4vz,KGisTop15All_Time,When you think options trading will make you rich but now you‚Äôre performing fellatio on homeless men behind your local Cracker Barrel,13,0
247,2021-09-20 13:05:11,vhehxzd,Alychemy,the opening bell is going to be worse than my divorce,13,0
248,2021-09-20 13:10:23,del4ilni,DrifterDA,"Calls on puts.

Puts on calls.",14,0
249,2021-09-20 13:24:36,6cqd0,Magzter,"Bulls - 

3 months of gains wiped out: I sleep

2 hours of premarket losses reversed: real shit",14,0
250,2021-09-20 13:26:19,95i07itz,CDriguez,QUICK POST THE DANCING BEARS GIF,13,0
251,2021-09-20 13:31:11,oxqrj,Kristoferrari,Lmao I‚Äôm losing so much money,14,0
252,2021-09-20 13:44:17,Deleted,Deleted,[deleted],14,0
253,2021-09-20 13:51:27,130i7v,CultureChaos,People buy gold as a hedge and it plummets with the market every time lmao,13,0
254,2021-09-20 13:52:46,47viqwmw,One_Spicy_Nipple,"I might lose all my money this week

But at least I have a flair",14,0
255,2021-09-20 13:58:09,5wa325ls,Jackprot69,"wait, so JUST NOW everyone is realizing that china's economy is fake and gay?",14,0
256,2021-09-20 14:34:05,3jy1nwjg,CroissantDuMonde,Daily thread on red days is 100x more amusing ü§£,13,0
257,2021-09-20 14:57:31,129s45,iCan20,"this is your reminder that nothing is real, especially money.",13,0
258,2021-09-20 15:32:21,abkyvvuz,WsbModCanSMD,447c for Friday üòà,15,0
259,2021-09-20 16:19:32,5wfcehan,Rozay662,I can handle my portfolio bleeding out. Its literally nothing new. The real depression is being forced to watch üåàbears winning,15,0
260,2021-09-20 16:23:06,175yyb,nosalute,# mods bring back rope disclaimer on the daily,14,0
261,2021-09-20 16:36:58,7a25bj20,Scared_Waltz_5343,"Turns out, √¨ am fuk",14,0
262,2021-09-20 16:37:30,6b395myn,Awesome____Sauce,zerohedge creaming his pants rn after a straight year of unending green and finally one real red day,15,0
263,2021-09-20 16:46:43,w4hnl,BirdyPooPoo,Jpow is out of ammo. Last seen attaching bayonet.,13,0
264,2021-09-20 16:47:19,Deleted,Deleted,[deleted],13,0
265,2021-09-20 16:51:04,8dmnrrts,therealcosmicl,NO WAY WE LET COMMIE ASS CHINA BE MORE RED THAN US! COME ON! USA USA USA,13,0
266,2021-09-20 16:53:02,5tabfi4k,lijijil,Imagine having spy calls rn,13,0
267,2021-09-20 16:59:58,8z43rjo2,Yasqweenn,Fuckinngggg China. üôÑ I‚Äôll never eat Panda Express again.,14,0
268,2021-09-20 17:32:23,5iwe1o3c,StopTooManyPeople,Drill team 6 is at least conducting training exercises today.,15,0
269,2021-09-20 17:45:13,8t5b8,prehistoriclurker,and just like that I became a long term investor,13,0
270,2021-09-20 17:46:39,Deleted,Deleted,[deleted],14,0
271,2021-09-20 17:49:28,3oqrsfue,Nofux_given,Only need a smooth 200% increase to be back to my ath,15,0
272,2021-09-20 17:53:50,1054th,itsdemorais,Since when a 2% correction is a market crash ?,14,0
273,2021-09-20 18:19:55,6wky9tpy,MrBojangerangs,"Sit down my children. Let me tell you the tale of a liquidity break.  It's almost like a short squeeze but in reverse. 

Margin calls everywhere.

Ps this is what caused half of the drilling in March

At first it was fear, then it was margin calls triggering more margin calls for days.",14,0
274,2021-09-20 18:43:30,4clmr25k,buck_tardwater,lol burry's twitter account is pure autist cringe,14,0
275,2021-09-20 18:50:43,dwmioz6t,One_of_the_blessings,Correction to my earlier post - now down $85k instead of $70k on the day,14,0
276,2021-09-20 19:09:35,b00u4i5d,sxiom,"Retards, it‚Äôs been an honor to YOLO with y‚Äôall",14,0
277,2021-09-20 19:11:51,g08dg,FiWiFaKi,"I know SPY is going to keep dropping. I also know that if I sell to cut losses it will flip and start going up.

Guess I'll just hold and watch the number go down.",13,0
278,2021-09-20 19:19:03,875fr90m,FuckWSBMods2020,"How the fuck did people not expect evergrande to default when they told all of their employees to give them A cash loan or they lose their bonuses for the year lmao.

This really should have been the biggest red flag. What kind of fuckin company strong arms their employees into giving them cash",13,0
279,2021-09-20 19:45:05,3yghuoh3,EveryMHz,"Watch the CCP wipe Evergrande from the news articles, webpages, ad billboards, office buildings, and balance sheets and be like *Ever grand? We've never heard of such a thing.*

After the past 2 years, I wouldn't even be surprised at this point.",14,0
280,2021-09-20 19:59:45,jcffz,curiousprovisions,This is the weirdest market of all time,14,0
281,2021-09-20 20:05:13,b48j5se4,JustGetRichTonight,0DTE SPY at bottom was the move,16,0
282,2021-09-20 20:08:44,3yghuoh3,EveryMHz,Did the mods blow their accounts so badly today that they roped. Where is the new thread?,14,0
283,2021-09-20 20:08:59,7shjnwaa,MaddiKertz,Fidelity gonna send me that letter again üò¢,14,0
284,2021-09-20 11:24:11,9kpuhewa,ScruffyBelievesInGME,"Idk guys, I'm thinking green by open",41,0
285,2021-09-20 14:26:20,3ioar1d0,NoHelpisComing,"Instead of staring at a screen at your helpless positions, call your grandma. She will appreciate it and one day you won‚Äôt be able to",39,0
286,2021-09-20 16:47:21,6nguypb,777FADEC,"Bulls: 

www.homelessshelterdirectory.org/

https://www.uscourts.gov/forms/bankruptcy-forms

www.wendys-careers.com



Bears:

https://www.lamborghini.com/en-en/dealer-locator

https://www.yachtworld.com/

https://www.luxuryhomes.com/",37,0
287,2021-09-20 10:52:15,621pg9mn,remdesivir2020,"SmallDickClub apes Comon in

If this 5x I can make back some loss",13,0
288,2021-09-20 11:10:49,4jjo604j,Oenones,Start the weekend thread!!,13,0
289,2021-09-20 12:04:37,9rzlvg7z,lulu_butts,Today I am happy because we are all fucked,13,0
290,2021-09-20 12:07:20,a1vkl5ui,iveseenwaybettewr,All in SPY calls at open,14,0
291,2021-09-20 12:17:42,8ul1w,sonofalando,"Ever given, ever grande, ever fucked",13,0
292,2021-09-20 12:25:17,72mwxpss,Arrestedbybatman,I just woke up. Saw how red it is. I‚Äôm going back to sleep until next Monday,13,0
293,2021-09-20 12:29:14,4ejxq7ap,pqlikespie,"It was nice knowing you boys, tell my wife and kids I love them and that the house is gone and so is the dog",12,0
294,2021-09-20 12:32:42,f1h13,ed_bickel155,"All of this just because I bought SPY calls a week ago, sorry guys",12,0
295,2021-09-20 12:34:11,lq66n,Personmind,"And the ""green by open"" comments suddenly ceased to be lol.",12,0
296,2021-09-20 12:37:36,c856bp1t,boom_boom_man954,So we got Chinese Lehman bros destroying world economy lol history repeats. Go bears go!,14,0
297,2021-09-20 12:39:44,26le8az,goatfeces6,Hope that guy who yolo‚Äôd into spy calls expiring today is ok,13,0
298,2021-09-20 12:49:24,a9go0fsi,DiscePati44,Having puts during a global market sell off...I might be able to bring my portfolio from -99% all time to -90% ü§≠,12,0
299,2021-09-20 12:53:42,7lagjkja,jon-mcman,"Sold my SPY PUTS last week, FOOK me",13,0
300,2021-09-20 12:55:26,3l8i4u5e,Guilty-Marzipan,"Good news on those who held spy calls. They're zero, so basically its a freewill now",12,0
301,2021-09-20 12:57:43,5cs1gqib,a-smooth-brain,"If you're on Robinhood don't even bother showing up today, it won't work.",12,0
302,2021-09-20 12:58:08,2bywtd8,halfmanhalfrobot69,"Uh, can the US Fed just go ahead and bailout Evergrande?",13,0
303,2021-09-20 13:10:35,11oy5mky,tropicalia84,Ok so Evergrande is an event everyone already knew about and is already -85% off it‚Äôs highs while HK and Chinese equities are down 30% off their highs and all of a sudden it‚Äôs all anyone is talking about and we are being sold and pushed a doomsday scenario for world markets down our throats by news outlets over the weekend conveniently while Chinese markets are closed for holiday and all movement is happening overnight during futures. Looks like a perfect set up to shake the tree and then ramp it when Powell continues to reiterate no policy change during economic slowdown.,13,0
304,2021-09-20 13:14:01,d7l66a3o,PlsDontNuke,"If you still have both of your kidneys, stop crying.

If you still have both kidneys AND you're not in overall debt for your net worth, you get back out there and keep losing money or I don't even want you in my sight you cowards",14,0
305,2021-09-20 13:33:07,2cy4417e,tgwesh,I haven‚Äôt seen this much red since my wife gave birth,13,0
306,2021-09-20 13:36:34,wnqdu,Kickboy21,Nothing like starting the market with -30% portfolio ü§°,13,0
307,2021-09-20 13:40:43,7z6aq,br0botic,"Portfolio down 80%

‚ÄúIt‚Äôs just a flesh wound‚Äù ü•¥",13,0
308,2021-09-20 13:42:14,8dmnrrts,therealcosmicl,"If today finishes green, ill literally never trade again lol",14,0
309,2021-09-20 13:42:34,6lxahiu6,Olgapetrushenko,"Evergrande: biggest collapse in the last decade

China: gets fuk

Investors: panic

S&P: lol, watch me go green by EOD, hold my beer",13,0
310,2021-09-20 13:56:25,enf7a,KooZaa,I once asked a mod to make my flair the dumbest shit he can think of.,12,0
311,2021-09-20 14:11:18,ddoz6fc,troot1105,Might go all into dollar general since that‚Äôs where I‚Äôll be shopping for the rest of my life,13,0
312,2021-09-20 14:17:32,100hu1,pervsensei11,"Bears who have been short the market since 2010 today: 

**‚ÄùI TOLD Y‚ÄôALL‚Äù**",12,0
313,2021-09-20 14:27:55,5gt9x9b6,future_luddite,"I‚Äôve lost the equivalent of a lightly used Nissan Versa today, which is where I‚Äôll be living if this keeps up",12,0
314,2021-09-20 14:29:53,1q7co06o,maximummimosa,"Woke up this morning, smiled with the rising sun, three little birds perched by my doorstep, singing sweet songs, melodies pure and true, sayin...  
You're fucked!",13,0
315,2021-09-20 14:46:57,azk08k6l,Jaha_jaha1,"Bears 3, bulls 362",14,0
316,2021-09-20 14:57:08,8xoobmuw,ElonILov3you,Someone pleas save me. Come get me. Bought irnt at $46,12,0
317,2021-09-20 15:33:21,91x8k1cf,InfamousJoker420,Mistakes were made,13,0
318,2021-09-20 15:34:21,7fqm0mwf,SuprntendoChalmers,"For everybody asking the question 

‚Äúare my ‚Äò$shitstock way otm way too close-dated calls‚Äô fucked?‚Äù

The answer is yes",13,0
319,2021-09-20 16:04:43,54x9m,ToCommit,lmao my boomer uncle decided to go all in last month after sitting out of the market the last 2 years,15,0
320,2021-09-20 16:06:59,7c3l6,Djov,"On the bright side, someday we'll all be dead",12,0
321,2021-09-20 16:13:17,51kp4qjk,spinxter66,"I was at an actual casino on Saturday but didn't gamble because I didn't want to ""throw my money away.""

I'm a fucking ü§°",13,0
322,2021-09-20 16:13:54,146cts8x,saintmitchy,Drinking beers in the hot sun‚Ä¶. I fought the bear and the bear won.,13,0
323,2021-09-20 16:16:43,175yyb,nosalute,"# I bought the dip.

25 dips ago",13,0
324,2021-09-20 16:21:46,gei1v,yayahi,how am i supposed to pay attention at work when this shit is going on lol,13,0
325,2021-09-20 16:33:48,d1qtp,Fusteur,"me when I buy the dip üôÇ

me when it keeps dipping ü•≤",13,0
326,2021-09-20 16:34:36,e881noq7,RecoveringAss,I really hope no one at my brokerage reviews my trading history over the last week. It‚Äôs pretty embarrassing,13,0
327,2021-09-20 16:35:35,fqml8,mMounirM,"currently having the longest colonoscopy of my life, started at 9:30 this morning",14,0
328,2021-09-20 16:37:18,13phx1,Goat_Guy_05,"losing so much money the last few weeks isn't what feels so awful, it's actually just knowing how absolutely retarded I've been trading that feels bad. Ignored my own risk appetite and just yolo'd into absolutely trash stocks. As a brand new trader/investor it's just killed my confidence. Financially it's not a huge deal",13,0
329,2021-09-20 16:37:53,e6e0o,arichnader,"Spy to 150 finally 
Let's destroy the financial markets so we can all buy Tesla for cheap again",13,0
330,2021-09-20 16:40:52,7kh1u,e30jawn,The feds made your money worth less and then sold you the bags,13,0
331,2021-09-20 16:51:13,5owcuv6d,Kooky-Citron-4537,"don't worry, everything will be up tomorrow and Wednesday and the bubble will continue.",13,0
332,2021-09-20 16:54:03,2dntec1q,Suspicious_Host,Nothing feels worse than when a stock you just bought turns red immediately and stays that way for days.,12,0
333,2021-09-20 17:10:00,1vj7esrb,dundermifflin2019,First China gives us covid‚Ä¶ now they give us this.  FUCK CHINA!,14,0
334,2021-09-20 17:10:17,7rrxh,whoatethekidsthen,"So to recap,

the Fed sold to China at the top

Higher ups in govt and finance have been selling off positions for the last two weeks

China is hemorrhaging money

Inflation concerns in the US

And that's why you woke up to your portfolio drowning in its own blood",12,0
335,2021-09-20 17:20:50,qpxhp,QisDenseInR,How do you get enrolled for food stamp?,13,0
336,2021-09-20 17:26:14,7mg9h,Saaan,Guys don't commit too much into averaging down with this falling knife...save some capital post mini-crash. Consider a bottoming out thesis of strong names and then very slowly come back in.....just an idea so you guys don't YOLO it all and go bust.,13,0
337,2021-09-20 17:26:58,9l2hixra,AstronautCurrent408,Cathy you deluded twat,12,0
338,2021-09-20 17:29:09,704r9,tonitoni919,"Sorry guys it was my birthday on Sunday.

It was the cause of all of this.",13,0
339,2021-09-20 17:34:56,24niiuzo,papasmurftp,Just bought puts.  RIP me,14,0
340,2021-09-20 17:35:03,66xbgwyz,aSneakybutton,"It would literally take longer to withdraw all the money from my account, withdraw it from an ATM and set it on fire compared to how I‚Äôm losing it now",13,0
341,2021-09-20 17:36:38,2c0vb5qt,lolyeahsure,"I'm going to the corner store while I can still afford it, anyone want anything",14,0
342,2021-09-20 17:56:12,70ddecoo,Elonmuskishuman,At least this means JPow can‚Äôt taper üöÄ,13,0
343,2021-09-20 18:01:26,wlpct1y,nsfwftwbaby,1 more big red dick tomorrow and I am going full on gay bear.,13,0
344,2021-09-20 18:14:11,e1juw445,ManufacturerNo80,Post losses you idiots I can't wait to see them,14,0
345,2021-09-20 18:30:50,c86lo,SwetzAurus,"I am $63,730.74 less wealthy than I was Friday afternoon. 

üò≥",13,0
346,2021-09-20 18:39:29,51kp4qjk,spinxter66,Pretty sure my next job interview will be on a black leather couch.,14,0
347,2021-09-20 18:55:08,55n3euiq,blazeitbets,"Jim Cramer: PLTR is a buy. 
PLTR the next day: -8.6%",13,0
348,2021-09-20 18:55:49,7f4guj7t,Fit-Mycologist-6951,#divorce is a real issue for many today. Prayers üôèüèºü§≤üèª,13,0
349,2021-09-20 19:05:40,3gtsafxc,Tristan-Odom,SPY 420 tomorrow üìâ,11,0
350,2021-09-20 19:10:08,kdbeu,PassiveF1st,We need a circuit breaker tomorrow. That would really bring WSB back to normal.,14,0
351,2021-09-20 19:25:30,ibk4gvn,Bud_EH,Down 11k today üíº,14,0
352,2021-09-20 19:46:33,11t8mi,Kabrosif,Great Depression Cancelled! Bull Market Lives on.,13,0
353,2021-09-20 19:46:46,5q9esd27,beepboopbop65,Pls don‚Äôt fall for eod bull trap at least wait till tomorrow morning to buy,13,0
354,2021-09-20 20:02:16,79fq80gc,PanickyLemur,Why no AH thread? Ghey automod,13,0
355,2021-09-20 20:04:15,527ci52f,cashflow_,New thread wen,14,0
356,2021-09-20 20:06:02,5xw9mh40,allinonworkcalls,Alright bears you had your day. Back to the greatest bull market of all time!,14,0
357,2021-09-20 20:15:23,a6wq54hw,muchcoinmuchfun,Probably going to regret not selling my puts at 2 pm,11,0
358,2021-09-20 09:46:53,oajoyz6,mages112,Thinking about applying to be magician for Disney. I could make my money disappear by buying spy call weekly,11,0
359,2021-09-20 09:48:36,99hmwiko,inafonalie,"Whoever told me to wait this week out before buying MSFT and AAPL, thank you!",12,0
360,2021-09-20 09:48:38,ezh9z,DTF_Truck,\+35% on the VIX isn't too bad... Right?,12,0
361,2021-09-20 09:50:07,c5314,waterysriracha,im starting to think my SPY 445c 9/20 might not be good,12,0
362,2021-09-20 10:35:28,4t5vd72d,Dr_Clout,I SPY 435‚Ä¶ 434 HER MUDDAS A WHORE!!!,12,0
363,2021-09-20 11:42:20,8znha,Vaderzer0,Ha wow.  There goes all my gains for last month.,13,0
364,2021-09-20 11:42:29,4fk9r,WillsGotDeals,"Quick, buy more from Aliexpress to stimulate Chinese economy",12,0
365,2021-09-20 11:52:48,6wm5hi6s,yellow99y,Have heard a lot more people asking others to buy the dip than saying they are buying the dip.,11,0
366,2021-09-20 12:08:49,14q794,obiwanjustblowme,"Ok, so today has been fun, since I'm cash gang, but I'm honestly starting to feel bad for some of you lmao.",13,0
367,2021-09-20 12:14:46,6logh0an,Zedeal_Life440,Fuck my life! My family think i invested the money in a steady business üò≥,13,0
368,2021-09-20 12:28:42,inajj,tim2k000,"remember that guy that posted how to become a millionaire in 3 months buying spy calls 3 mo out? 

I'm gonna be putting in orders for Jan22 500c and hoping they get filled as we dump. 

by Dec I'll be rolling deep üí∞üí∞",12,0
369,2021-09-20 12:34:03,4h1w155a,hiohiohiza,"Times like these we must remember the great words of Warren Buffet: ‚ÄúBuy the dip, faggot.‚Äù I love that old man.",12,0
370,2021-09-20 12:37:36,a1dxgoy2,STALIN_BOUGHT_PUTS,"China is so fucked. Between COVID-19 and bungling the situation with their school system; this financial crisis is going to cause power structures in the country to put pressure on the CCP. 

The way they‚Äôve been handling the Jack Ma/Ali Pay situation shows how scared they really are of the current revolution stirring.

Most Americans can‚Äôt ever fathom what COVID-19 means in their country. Sickness and plague is a big red flag against the leadership.",12,0
371,2021-09-20 12:54:47,8ul1w,sonofalando,Everyone‚Äôs bank account is transitory.,13,0
372,2021-09-20 13:00:52,5od17s2s,Jews_up_hoes_down,"*(hits blunt)*

*(dusts off Bull costume)*

Let's roll!",13,0
373,2021-09-20 13:02:30,9zkfejh0,egrose38,Everyone is fuk?,13,0
374,2021-09-20 13:02:59,13phx1,Goat_Guy_05,"Honestly I'm down so much money what's another couple hundred... Might buy a spy call or 2 at open, maybe we fill the gap",11,0
375,2021-09-20 13:06:32,11gpll,Nolan4sheriff,If the economy is crashing my only wish is that the Canadian housing market crashes with it.,11,0
376,2021-09-20 13:11:24,abq1l,Sunny2456,Let's see if I lose day trading privileges at open üôÉ,12,0
377,2021-09-20 13:31:29,2of0jjzf,JohnTheTrumpet,"Evergrande? Priced in. Delta variant? Priced in. Future variants? Priced in. Tapering? Believe it or not, priced in.",13,0
378,2021-09-20 13:35:58,syo6n47,Besthookerintown,If we all chant USA I think we‚Äôll avoid the global collapse,12,0
379,2021-09-20 13:41:21,8d3dg5hq,SignUpstairs,China is asshoe,12,0
380,2021-09-20 13:44:37,baz2qc23,Constant-Surprise-39,Bruh I just woke up and it‚Äôs the god damn recession,12,0
381,2021-09-20 13:46:02,79zo4kmv,InIce1234,Hey Bears why so quiet?,13,0
382,2021-09-20 14:16:19,5wlhlls2,mikemechanics,Bulls went straight into the bull trap üòÇ,12,0
383,2021-09-20 14:25:31,6mw59g7y,Aerotyne69,"In three words, I'm going to tell you everything you need to know about the near future market.  The fed sold.",12,0
384,2021-09-20 14:25:46,n6og5,PM_ME_YOUR_UVULA_PLS,Only thing not red are my .01 options.,11,0
385,2021-09-20 14:38:07,3zffznqm,BoredPoopless,"My football team loses, my fantasy team loses, and my portfolio loses.

My parents were right about me.",11,0
386,2021-09-20 14:38:31,7f4guj7t,Fit-Mycologist-6951,How the fuck are people buying $1.1 million homes when they are making like 65-80k salary per year?,12,0
387,2021-09-20 14:45:25,nuwpn,eddanja,I should have never invested in the market and become a drug dealer instead...,11,0
388,2021-09-20 14:57:33,70ddecoo,Elonmuskishuman,We bounce tomorrow üöÄ,13,0
389,2021-09-20 15:00:28,rdto1,j48u,Why is the entire Chinese economy being a farce not already built in?,12,0
390,2021-09-20 15:02:35,41eef,herpderpa,When you‚Äôre down 2% on shares but your friend is down 98% on calls ![img](emote|t5_2th52|4271),13,0
391,2021-09-20 15:02:48,5dbgnjvd,mamadidntraiseabitch,Who else is a retard that bought calls?,11,0
392,2021-09-20 15:23:46,bdnb93ck,Cold-Survey-6833,Has anyone asked yet what happens when Wendy's goes out of business?,10,0
393,2021-09-20 15:24:15,p0ybs,ThatOneRedditBro,"I'm going to buy puts in September next year and watch, SPY will have historic bull run.",12,0
394,2021-09-20 15:43:44,36epb1gz,ts2981,Bulls are praying for a reversal on their knees at the Maricopa Election Office.,12,0
395,2021-09-20 16:11:07,dwmioz6t,One_of_the_blessings,"Another $70k loss on top of the $70k lost Friday

Game Over",12,0
396,2021-09-20 16:18:52,qfgci5h,Mistertee123,The market started tanking literally minutes after I clicked buy. My ability to move markets in this way never ceases to amaze me.,12,0
397,2021-09-20 16:19:15,127s49,Redditor45643335,"Here's why I hate dips so much.

1. My stocks always dip way more than the overall market.

2. I never have money to buy the dips.

3. My stocks never recover as fast or go higher than the overall market.

I guess I should just be a boomer and buy the damn index right?",12,0
398,2021-09-20 16:23:32,8lofe0z0,Dxguy2002,Wait I thought meme stocks were a hedge to the market crashing ü§îü§î,10,0
399,2021-09-20 16:23:33,vrppx,moorhound,Haha jokes on you market I already fucked my portfolio up last week,11,0
400,2021-09-20 16:25:03,6n2lcsb,TheGunStays,"WHO IS FUK?

WE üëè R üëè FUK üëè",11,0
401,2021-09-20 16:34:14,nt50gw,livetsc,"Yeah, that‚Äôs it for me after several years of failure. Gonna use the rest of my account to travel",12,0
402,2021-09-20 16:35:08,dter9loj,SnowInTheTundra,"Sold my SPY call. Cue the Chinese government bailing out evergrande, the money printer being set on max, and a mass extinction of bears.",9,0
403,2021-09-20 16:40:46,7rrxh,whoatethekidsthen,What in the fuck is the Fed doing selling at the top,11,0
404,2021-09-20 16:47:52,a1e0jz43,Over_Breadfruit2988,Bears r.. *sniff*‚Ä¶ bears r still fuk right guys? Right?,11,0
405,2021-09-20 16:48:14,ef9go,Lontar47,this is not nearly bloody enough I wanna see boomers on the fuckin streets,12,0
406,2021-09-20 16:50:45,a0tz5hbi,AMDeez_nutz,We were due for a correction wimps,12,0
407,2021-09-20 16:51:17,4dio6g1r,Cryptobanian,Down terribly on TMC,11,0
408,2021-09-20 17:05:12,lzw4t,TheOriginalRK,Well might have to get a job now. Was nice trading and making my own income for 2 years. Those days are ending it seems with how stupid I am,11,0
409,2021-09-20 17:12:12,71z5a,AmeriMan2,"Fuck this. Im going to go smoke a joint on the beach.

Anyone in Maine wanna ape up at oob?",12,0
410,2021-09-20 17:13:47,5s68nfr5,trade5100,‚ÄúToo many bearish comments here buying calls Monday‚Äù ü§ì,12,0
411,2021-09-20 17:20:54,826n1sbj,ligmah91,"OHHH ok, so this is how bers feel most of the time",11,0
412,2021-09-20 17:22:11,hb6n9,Blyadhole,"Move away Berkshire Hathaway. There's a new conglomerate in town...

WSB Bag Holdings Inc.",13,0
413,2021-09-20 17:24:04,abq1l,Sunny2456,"Made 40 bucks on YANG.


Now gotta make up the other 1700 I'm down today. ü§°",12,0
414,2021-09-20 17:28:31,6ctazxya,JpowYellen3some,Fucking Ariana Grande!,13,0
415,2021-09-20 17:30:37,2jalqnx8,wsb_mods_R_gay,Are there any demands for ugly middle aged men on only fans? Asking for a friend,12,0
416,2021-09-20 17:55:44,kgfha,DentistCrentist16,"Man if a 2% correction is all it takes for people to start sweating our margin calls, then I think we are in for a bad time in the next coming months. Anyway buy calls printer go brrr until it doesn‚Äôt.",13,0
417,2021-09-20 17:59:19,6b395myn,Awesome____Sauce,"I sold my $WISH today after getting on their website, the fact they're valued over a $1 is a travesty.",13,0
418,2021-09-20 18:03:55,55okfyrj,wasabiEatingMoonMan,Who are these geniuses saying SPY will go back up in a few months lmao. No shit it will. Most of us are buying puts for short-term gains.,12,0
419,2021-09-20 18:06:53,e881noq7,RecoveringAss,"If you‚Äôre in WSB, chances are any gains you make are transitory",12,0
420,2021-09-20 18:12:48,dwmioz6t,One_of_the_blessings,"Lost $140k in two days between Friday and Today

I‚Äôm never gonna financially recover from this",13,0
421,2021-09-20 18:13:27,xi92lbj,spellbadgrammargood,WAKE ME UP WHEN SEPTEMBERS ENDS,11,0
422,2021-09-20 18:15:08,9nailic9,LostLifeSavingsOnGME,So that‚Äôs like a 40k tax write off for the year lol.,11,0
423,2021-09-20 18:19:09,pmmtb,InvestmentActuary,Im never buying the dip again. Holy fuck,12,0
424,2021-09-20 18:24:06,4rs2l,dbgtboi,"30 billion market cap company causing trillions in damage to the markets lol

keep encouraging leverage my central banker friends, this is very healthy",12,0
425,2021-09-20 18:28:28,4pu27,PortlandoCalrissian,The worst part of this is Michael Burry pretending he called this before anyone else could see it coming.,12,0
426,2021-09-20 18:34:37,55n3euiq,blazeitbets,Micheal Burry‚Äôs dick hard asf rn,13,0
427,2021-09-20 18:37:06,b4ygxir2,BearsRfukd,"#BY GOD, THAT MARKET HAS A WIFE AND KIDS

#SOMEBODY STOP THE DAMN MATCH",12,0
428,2021-09-20 18:57:58,a27iu7tg,WSBinside,SPY puts? Gonna keep going down tomorrow?,13,0
429,2021-09-20 19:03:57,3qpmq9k,M1BG,That warm feeling when you look at stocks you were once bagholding and sold for a loss and see that they're still hitting all time lows even months after you sold,11,0
430,2021-09-20 19:06:26,fqml8,mMounirM,what I've learned from this is to not immediately use your call profits to buy other calls.,13,0
431,2021-09-20 19:07:54,bgwbu,Orzorn,Just a casual 32k loss today so far. This is fine. Its all fine.,13,0
432,2021-09-20 19:11:51,9rtl09ge,Future_shocks,"lmao omg that guy that called the ""bottom"" at like 1pm today, holy fuck that guy is dead rt now",13,0
433,2021-09-20 19:19:22,48cy8a0l,mathboom123,I pwomise you that the selling has not even started yet,12,0
434,2021-09-20 19:29:35,id5c5,jerseynate,Who tf just bought spy puts? Fuck you,12,0
435,2021-09-20 19:30:26,5xp1kme7,RamboWarFace,Imagine being an Evergrande employee who was forced to loan their employer money......bro....wtf is that shit???,12,0
436,2021-09-20 19:34:15,a8y42,phoenixmusicman,"Just blocked Margin, what an asshole trying to call me while I'm trading",13,0
437,2021-09-20 19:34:59,56jux,mark2talyho,Major Bull Trap ü™§,12,0
438,2021-09-20 19:40:06,zqld6,dhamma1991,Lmao IRNT go home you‚Äôre drunk,12,0
439,2021-09-20 19:46:11,auplxm4m,Deaf_Kid_,MARKET CRASH = CANCELLED,12,0
440,2021-09-20 19:46:31,7negfdgh,Eyes-4-Blindy,"Correction has been canceled.

üåàüêªüî´üêÇ",13,0
441,2021-09-20 19:51:00,4hdx3nur,jjwilder,"If SPY closes about 433 I will drink my own piss...

Is something someone might of said about 45 minutes ago.",12,0
442,2021-09-20 19:56:31,dmwazslb,Dave_7879,don't fall for it bulls. same thing happened at market open. We continue drilling overnight.,11,0
443,2021-09-20 20:02:21,3wr2hqum,DegenerateCharizard,"*‚ÄúAs stocks fall, options traders show no rush to guard against deeper pullback‚Äù*

Reuters how about you mind your own fucking business",12,0
444,2021-09-20 20:04:45,8ak4cdo8,bearhunter429,The last hour is a good preview of tomorrow.,13,0
445,2021-09-20 20:06:50,91ip2f1d,SweetBarbiePie,No moves tomorrow anyway,12,0
446,2021-09-20 20:08:24,51kp4qjk,spinxter66,Mods are afraid to find out what we are doing tomorrow.,12,0
447,2021-09-20 20:08:58,3wne57a7,SetzerWithFixedDice,It‚Äôs on days where PLTR is down 8% that I vow to understand what it is they actually do,12,0
448,2021-09-20 20:11:49,fw3r0,duathman,Only down $10K.  Fantastic,11,0
449,2021-09-20 20:13:21,3r1a0dko,Honeybuns6661,Where‚Äôs the new thread? I wanna tell people how I‚Äôll lose money tomorrow,11,0
450,2021-09-20 20:15:04,8b4r626k,CreativeAd3264,I hope it drops more so I can go balls deep in shares and then when it recovers I‚Äôll be able to buy my family Christmas presents,12,0
451,2021-09-20 09:07:26,17jbuj,layelaye419,"Anus for sale; Barely used, 5.99$",35,0
452,2021-09-20 10:05:45,100hu1,pervsensei11,"Fuck the stock market crash

**Who‚Äôs excited for brokerage app crash at open?**",36,0
453,2021-09-20 10:18:22,100hu1,pervsensei11,So you‚Äôre telling me ArianaGrande did this to the markets?,34,0
454,2021-09-20 13:40:09,Deleted,Deleted,[deleted],35,0
455,2021-09-20 16:38:11,dwwyfu2i,Hypersonic_chungus,Evergrande defaults on bond payments to Chinese zoos; 14 million bats released into Wuhan in an attempt to cut costs.,36,0
456,2021-09-20 10:59:15,3eq26mx1,nnaoeznnaoezhis,Feels good to be cash gang,129,0
457,2021-09-20 10:12:16,czuaj,learn2_learn,I am ready to watch the 7% I am up for the year disappear in the next 5 days.,10,0
458,2021-09-20 10:31:02,18nxrq1l,eeddeedde,People who sold down 10% at 4am should be quarantined and sterilized,12,0
459,2021-09-20 10:38:33,5od17s2s,Jews_up_hoes_down,"*(hits blunt)*

Green by open",10,0
460,2021-09-20 10:41:55,4quce7e5,JustMowingTheLawn,"Deutsche down 6%. lulz. Banks dying overall, all major European banks 4+ down.",12,0
461,2021-09-20 10:49:16,iyt150x,BullfrogBrewing,Margin calls gonna be going out today,11,0
462,2021-09-20 10:50:14,5nmjdkq5,EphermeralSonder,My Oct15 460 Spy Calls are defacating my pants,10,0
463,2021-09-20 10:55:00,10f9xd,cosmicweiners,May your portfolio turn green by magic,11,0
464,2021-09-20 10:57:28,9be9emj1,Unemployable1593,"gm degens. remember‚Ä¶

impending doom is no reason to skip leg day",12,0
465,2021-09-20 11:19:37,527ci52f,cashflow_,Sold my spy puts friday üò°ü•∫,10,0
466,2021-09-20 11:22:48,58pqywg6,VictorEBull69,so SPY weekly calls are the move right,12,0
467,2021-09-20 11:35:25,9etwc4vz,KGisTop15All_Time,Which one of u is gonna throw your entire portfolio into weekly puts so we can go back up?,11,0
468,2021-09-20 11:39:59,4fsxqmto,Milf-Whisperer,Anyone else absolutely fucked today,11,0
469,2021-09-20 11:40:32,9p5vjw4u,FlyWannaBeRichGuy,"Name something worse than being right, trading out of your position early for a loss, then watching you would have made like 300% gains holding puts‚Ä¶ fml‚Ä¶",11,0
470,2021-09-20 11:41:41,dhyzi,talm0,"Got dam Charles Dickens was a genius. Ya telling me this right here isn‚Äôt the perfect summation of now:

*It was the best of times, it was the worst of times, it was the age of wisdom, it was the age of foolishness, it was the epoch of belief, it was the epoch of incredulity, it was the season of light, it was the season of darkness, it was the spring of hope, it was the winter of despair.*",10,0
471,2021-09-20 11:41:47,euce4c8,ledxi,I‚Äôm literally going to yolo everything I have left to $445c for Friday. I do not care anymore,11,0
472,2021-09-20 11:50:45,75secjez,Individual_Error_428,"Hehe if u don‚Äôt look, the loss don‚Äôt exist üòå",11,0
473,2021-09-20 11:53:52,9i3aoxqx,BennyKingstonSprings,VIX puts at open like a month out right?,12,0
474,2021-09-20 11:54:47,100hu1,pervsensei11,"**Stairs up, Evergrande down** 

ü©∏ü©∏ü©∏",11,0
475,2021-09-20 12:04:15,x3nsm,jebus14,If I had set my spy puts just one more day out I wouldn‚Äôt have lost all my money :c,12,0
476,2021-09-20 12:05:38,bz90j,Ruckefella,I got a great nights sleep last night lads. Took a klonipin and smoked some weed and was out like a baby all night. Then I wake up to this shit‚Ä¶ my day is ruined and my disappointment is unmeasurable.,11,0
477,2021-09-20 12:06:36,4fm5x,Shmoogy,"The fact that everybody is so bearish ... i think im going to take a chance... few 0DTE, few October calls and 1 2023 leap.  Going to try to not go too hard but also not buying puts when we open 1.5%+ down",11,0
478,2021-09-20 12:08:21,9xewy948,Fragrant-War-344,"Dam happy I am holding 20% of my portfolio in cash.

I'm gonna feel like Elmer Fudd this week....."" I'm hunting discounts""   ok so it was rabbits but this sounds better this morning.",12,0
479,2021-09-20 12:10:43,i8sxc86,MakIkEenDonerMetKalf,The fed sold the top lmao,10,0
480,2021-09-20 12:16:31,6k71v,j4k3b,Oh look another incident where I get fucked in the ass because of people on the other side of the world.,10,0
